{
 "Name": "All Variables RNN",
 "Predictions": {
  "Low": [
   [
    5915.5625,
    5920.212890625
   ],
   [
    5914.94677734375,
    5919.91455078125
   ],
   [
    5915.6162109375,
    5919.35546875
   ],
   [
    5914.51416015625,
    5918.83056640625
   ],
   [
    5912.1982421875,
    5916.61181640625
   ],
   [
    5910.01611328125,
    5913.396484375
   ],
   [
    5907.5185546875,
    5911.32421875
   ],
   [
    5906.1025390625,
    5909.3525390625
   ],
   [
    5902.857421875,
    5907.3056640625
   ],
   [
    5902.2626953125,
    5908.38330078125
   ],
   [
    5902.7548828125,
    5907.8505859375
   ],
   [
    5903.49755859375,
    5909.66259765625
   ],
   [
    5907.6123046875,
    5913.85302734375
   ],
   [
    5912.1494140625,
    5918.67333984375
   ],
   [
    5915.58984375,
    5919.685546875
   ],
   [
    5915.72607421875,
    5920.21875
   ],
   [
    5912.748046875,
    5918.107421875
   ],
   [
    5908.7216796875,
    5914.2099609375
   ],
   [
    5904.20947265625,
    5909.25244140625
   ],
   [
    5901.3876953125,
    5905.43798828125
   ],
   [
    5900.537109375,
    5903.78515625
   ],
   [
    5901.44189453125,
    5906.33935546875
   ],
   [
    5902.92822265625,
    5908.919921875
   ],
   [
    5904.53173828125,
    5910.15869140625
   ],
   [
    5904.95556640625,
    5907.40234375
   ],
   [
    5905.3251953125,
    5909.17138671875
   ],
   [
    5906.1376953125,
    5911.3349609375
   ],
   [
    5908.697265625,
    5918.25390625
   ],
   [
    5910.869140625,
    5916.3818359375
   ],
   [
    5910.39111328125,
    5915.681640625
   ],
   [
    5908.99951171875,
    5911.4931640625
   ],
   [
    5907.5439453125,
    5911.52490234375
   ],
   [
    5907.51806640625,
    5912.15576171875
   ],
   [
    5908.85205078125,
    5917.134765625
   ],
   [
    5913.0849609375,
    5918.8642578125
   ],
   [
    5913.34814453125,
    5917.29833984375
   ],
   [
    5913.2724609375,
    5916.3720703125
   ],
   [
    5910.0595703125,
    5914.23876953125
   ]
  ],
  "Med": [
   [
    5918.5625,
    5923.212890625
   ],
   [
    5917.94677734375,
    5922.91455078125
   ],
   [
    5918.6162109375,
    5922.35546875
   ],
   [
    5917.51416015625,
    5921.83056640625
   ],
   [
    5915.1982421875,
    5919.61181640625
   ],
   [
    5913.01611328125,
    5916.396484375
   ],
   [
    5910.5185546875,
    5914.32421875
   ],
   [
    5909.1025390625,
    5912.3525390625
   ],
   [
    5905.857421875,
    5910.3056640625
   ],
   [
    5905.2626953125,
    5911.38330078125
   ],
   [
    5905.7548828125,
    5910.8505859375
   ],
   [
    5906.49755859375,
    5912.66259765625
   ],
   [
    5910.6123046875,
    5916.85302734375
   ],
   [
    5915.1494140625,
    5921.67333984375
   ],
   [
    5918.58984375,
    5922.685546875
   ],
   [
    5918.72607421875,
    5923.21875
   ],
   [
    5915.748046875,
    5921.107421875
   ],
   [
    5911.7216796875,
    5917.2099609375
   ],
   [
    5907.20947265625,
    5912.25244140625
   ],
   [
    5904.3876953125,
    5908.43798828125
   ],
   [
    5903.537109375,
    5906.78515625
   ],
   [
    5904.44189453125,
    5909.33935546875
   ],
   [
    5905.92822265625,
    5911.919921875
   ],
   [
    5907.53173828125,
    5913.15869140625
   ],
   [
    5907.95556640625,
    5910.40234375
   ],
   [
    5908.3251953125,
    5912.17138671875
   ],
   [
    5909.1376953125,
    5914.3349609375
   ],
   [
    5911.697265625,
    5921.25390625
   ],
   [
    5913.869140625,
    5919.3818359375
   ],
   [
    5913.39111328125,
    5918.681640625
   ],
   [
    5911.99951171875,
    5914.4931640625
   ],
   [
    5910.5439453125,
    5914.52490234375
   ],
   [
    5910.51806640625,
    5915.15576171875
   ],
   [
    5911.85205078125,
    5920.134765625
   ],
   [
    5916.0849609375,
    5921.8642578125
   ],
   [
    5916.34814453125,
    5920.29833984375
   ],
   [
    5916.2724609375,
    5919.3720703125
   ],
   [
    5913.0595703125,
    5917.23876953125
   ]
  ],
  "High": [
   [
    5921.5625,
    5926.212890625
   ],
   [
    5920.94677734375,
    5925.91455078125
   ],
   [
    5921.6162109375,
    5925.35546875
   ],
   [
    5920.51416015625,
    5924.83056640625
   ],
   [
    5918.1982421875,
    5922.61181640625
   ],
   [
    5916.01611328125,
    5919.396484375
   ],
   [
    5913.5185546875,
    5917.32421875
   ],
   [
    5912.1025390625,
    5915.3525390625
   ],
   [
    5908.857421875,
    5913.3056640625
   ],
   [
    5908.2626953125,
    5914.38330078125
   ],
   [
    5908.7548828125,
    5913.8505859375
   ],
   [
    5909.49755859375,
    5915.66259765625
   ],
   [
    5913.6123046875,
    5919.85302734375
   ],
   [
    5918.1494140625,
    5924.67333984375
   ],
   [
    5921.58984375,
    5925.685546875
   ],
   [
    5921.72607421875,
    5926.21875
   ],
   [
    5918.748046875,
    5924.107421875
   ],
   [
    5914.7216796875,
    5920.2099609375
   ],
   [
    5910.20947265625,
    5915.25244140625
   ],
   [
    5907.3876953125,
    5911.43798828125
   ],
   [
    5906.537109375,
    5909.78515625
   ],
   [
    5907.44189453125,
    5912.33935546875
   ],
   [
    5908.92822265625,
    5914.919921875
   ],
   [
    5910.53173828125,
    5916.15869140625
   ],
   [
    5910.95556640625,
    5913.40234375
   ],
   [
    5911.3251953125,
    5915.17138671875
   ],
   [
    5912.1376953125,
    5917.3349609375
   ],
   [
    5914.697265625,
    5924.25390625
   ],
   [
    5916.869140625,
    5922.3818359375
   ],
   [
    5916.39111328125,
    5921.681640625
   ],
   [
    5914.99951171875,
    5917.4931640625
   ],
   [
    5913.5439453125,
    5917.52490234375
   ],
   [
    5913.51806640625,
    5918.15576171875
   ],
   [
    5914.85205078125,
    5923.134765625
   ],
   [
    5919.0849609375,
    5924.8642578125
   ],
   [
    5919.34814453125,
    5923.29833984375
   ],
   [
    5919.2724609375,
    5922.3720703125
   ],
   [
    5916.0595703125,
    5920.23876953125
   ]
  ]
 },
 "Input Water Years": [
  [
   5918.4,
   5923.32
  ],
  [
   5918.29,
   5921.75
  ],
  [
   5918.39,
   5923.61
  ],
  [
   5917.62,
   5921.37
  ],
  [
   5914.92,
   5919.3
  ],
  [
   5913.49,
   5916.5
  ],
  [
   5910.16,
   5914.1
  ],
  [
   5909.21,
   5912.02
  ],
  [
   5905.67,
   5910.5
  ],
  [
   5905.4,
   5911.0
  ],
  [
   5906.44,
   5911.62
  ],
  [
   5906.44,
   5912.37
  ],
  [
   5910.75,
   5916.66
  ],
  [
   5915.22,
   5922.54
  ],
  [
   5918.73,
   5922.85
  ],
  [
   5919.0,
   5922.69
  ],
  [
   5915.67,
   5921.0
  ],
  [
   5911.6,
   5916.71
  ],
  [
   5907.88,
   5912.2
  ],
  [
   5904.5,
   5908.75
  ],
  [
   5903.18,
   5905.72
  ],
  [
   5903.09,
   5909.69
  ],
  [
   5907.72,
   5911.96
  ],
  [
   5907.85,
   5912.58
  ],
  [
   5907.63,
   5910.55
  ],
  [
   5907.68,
   5912.34
  ],
  [
   5910.27,
   5913.16
  ],
  [
   5909.96,
   5921.47
  ],
  [
   5915.92,
   5920.4
  ],
  [
   5912.69,
   5917.2
  ],
  [
   5912.1,
   5914.14
  ],
  [
   5911.55,
   5914.44
  ],
  [
   5910.61,
   5914.44
  ],
  [
   5910.69,
   5922.32
  ],
  [
   5916.48,
   5920.98
  ],
  [
   5916.4,
   5920.28
  ],
  [
   5916.35,
   5919.46
  ],
  [
   5912.26,
   5916.94
  ]
 ],